{"repoSenseVersion":"524076bfc5","reportGeneratedTime":"Tue, 13 May 2025 06:17:13 UTC","reportGenerationTime":" 31.71 second(s)","zoneId":"Etc/UTC","reportTitle":"RepoSense Report","repos":[],"errorSet":[{"repoName":"Jairik/Chick-Counting[main]","errorMessage":"Exception met while cloning or checking out."},{"repoName":"Jairik/Chick-Counting[pi-dev]","errorMessage":"Exception met while cloning or checking out."},{"repoName":"Jairik/Chick-Counting[pi]","errorMessage":"Exception met while cloning or checking out."}],"sinceDate":"2025-04-13T00:00:00","untilDate":"2025-05-13T23:59:59","isSinceDateProvided":false,"isUntilDateProvided":false,"supportedDomainUrlMap":{"NOT_RECOGNIZED":{"BRANCH":"","REPO_URL":"UNSUPPORTED","BASE_URL":"UNSUPPORTED","HISTORY_PATH":"","COMMIT_PATH":"","BLAME_PATH":""},"github":{"BRANCH":"tree/$BRANCH","REPO_URL":"https://github.com/$ORGANIZATION/$REPO_NAME/","BASE_URL":"https://github.com/","HISTORY_PATH":"commits/$BRANCH/$FILE_PATH","COMMIT_PATH":"commit/$COMMIT_HASH","BLAME_PATH":"blame/$BRANCH/$FILE_PATH"}},"isAuthorshipAnalyzed":false,"repoBlurbs":{"blurbMap":{}},"authorBlurbs":{"blurbMap":{}},"chartBlurbs":{"blurbMap":{}},"isPortfolio":false}
